image_path,caption
/media/xiaodou/My Passport/Qwen/QwenVL/coco_2014_caption/199134.jpg,a couple of men standing in front of a fan on a stage.
/media/xiaodou/My Passport/Qwen/QwenVL/coco_2014_caption/41442.jpg,Two people on motorcycles riding them on dirt.
/media/xiaodou/My Passport/Qwen/QwenVL/coco_2014_caption/31738.jpg,a baseball player throwing a pitch from the mound 
/media/xiaodou/My Passport/Qwen/QwenVL/coco_2014_caption/427344.jpg,The orange cat is sitting on top of the small television.  
/media/xiaodou/My Passport/Qwen/QwenVL/coco_2014_caption/375709.jpg,A person by a table with some food.
/media/xiaodou/My Passport/Qwen/QwenVL/coco_2014_caption/93756.jpg,A figure with an umbrella stands in front of a bridge. 
/media/xiaodou/My Passport/Qwen/QwenVL/coco_2014_caption/482801.jpg,a person with pink hair holding an umbrella in a crowd
/media/xiaodou/My Passport/Qwen/QwenVL/coco_2014_caption/145290.jpg,A lone straw umbrella sitting in the middle of a dirt field.
/media/xiaodou/My Passport/Qwen/QwenVL/coco_2014_caption/580862.jpg,A surfer crouching low on his board races the surf.
/media/xiaodou/My Passport/Qwen/QwenVL/coco_2014_caption/224029.jpg,The person is getting ready to hit the ball.
/media/xiaodou/My Passport/Qwen/QwenVL/coco_2014_caption/46545.jpg,A green field filled with grazing black and white cattle.
/media/xiaodou/My Passport/Qwen/QwenVL/coco_2014_caption/175565.jpg,A cocker spaniel sitting next to a woman holding a baby. 
/media/xiaodou/My Passport/Qwen/QwenVL/coco_2014_caption/86715.jpg,Two young men leaping into the air to catch a white frisbee.
/media/xiaodou/My Passport/Qwen/QwenVL/coco_2014_caption/190075.jpg,a person standing on a surfboard while riding a wave.
/media/xiaodou/My Passport/Qwen/QwenVL/coco_2014_caption/92522.jpg,A brown bird is perched on a branch of a tree.
/media/xiaodou/My Passport/Qwen/QwenVL/coco_2014_caption/424300.jpg,A flock of birds flying through a forest.
/media/xiaodou/My Passport/Qwen/QwenVL/coco_2014_caption/26900.jpg,A bus parked on the side of the road with a man getting stuff out of the back.
/media/xiaodou/My Passport/Qwen/QwenVL/coco_2014_caption/476499.jpg,There is a red train at this station on the opposite side
/media/xiaodou/My Passport/Qwen/QwenVL/coco_2014_caption/55425.jpg,A row of parked motorcycles sitting on the side of a street.
/media/xiaodou/My Passport/Qwen/QwenVL/coco_2014_caption/169395.jpg,A man is looking at an outdoor clock.
/media/xiaodou/My Passport/Qwen/QwenVL/coco_2014_caption/271495.jpg,A man is in the kitchen chopping bell peppers.
/media/xiaodou/My Passport/Qwen/QwenVL/coco_2014_caption/578497.jpg,two  red and white plates with an egg roll rice and other food and some sauces
/media/xiaodou/My Passport/Qwen/QwenVL/coco_2014_caption/429758.jpg,A couple of birds sitting on top of a rock next to the ocean.
/media/xiaodou/My Passport/Qwen/QwenVL/coco_2014_caption/111417.jpg,a man who is para sailing on the ocean 
/media/xiaodou/My Passport/Qwen/QwenVL/coco_2014_caption/69878.jpg,A person holding a chicken sandwich in a paper container.
/media/xiaodou/My Passport/Qwen/QwenVL/coco_2014_caption/453582.jpg,A number of kites flying high above a crowd
/media/xiaodou/My Passport/Qwen/QwenVL/coco_2014_caption/216314.jpg,A person walking in the sand while flying a kite. 
/media/xiaodou/My Passport/Qwen/QwenVL/coco_2014_caption/232389.jpg,Two pizza pies sitting on a table ready to eat.
/media/xiaodou/My Passport/Qwen/QwenVL/coco_2014_caption/239120.jpg,A table topped with a bowl of food and a drink.
/media/xiaodou/My Passport/Qwen/QwenVL/coco_2014_caption/350534.jpg,A professional baseball player signing a bat at a game.
/media/xiaodou/My Passport/Qwen/QwenVL/coco_2014_caption/480717.jpg,A crowd of people demonstrating with police walking with them. 
/media/xiaodou/My Passport/Qwen/QwenVL/coco_2014_caption/538537.jpg,A woman pouring a glass of wine on a table.
/media/xiaodou/My Passport/Qwen/QwenVL/coco_2014_caption/171075.jpg,"A room with a chair, pictures, cabinet and boxes."
/media/xiaodou/My Passport/Qwen/QwenVL/coco_2014_caption/107436.jpg,A cat sitting on an entertainment center while staring at a tv screen.
/media/xiaodou/My Passport/Qwen/QwenVL/coco_2014_caption/263231.jpg,A small bird holding a bug in it's mouth.
/media/xiaodou/My Passport/Qwen/QwenVL/coco_2014_caption/475380.jpg,a dog is pulling on a frisbee with its owner
/media/xiaodou/My Passport/Qwen/QwenVL/coco_2014_caption/376426.jpg,A couple of carrots sitting next a white dish covered in carrot goo.
/media/xiaodou/My Passport/Qwen/QwenVL/coco_2014_caption/523815.jpg,A man sliding a baking sheet with food on it into the oven.
/media/xiaodou/My Passport/Qwen/QwenVL/coco_2014_caption/401847.jpg,Highway road sign announcing exit ahead for vehicle traffic.
/media/xiaodou/My Passport/Qwen/QwenVL/coco_2014_caption/63230.jpg,A coffee shop with chairs and tables outside of the shop.
/media/xiaodou/My Passport/Qwen/QwenVL/coco_2014_caption/157921.jpg,a couple of elephants are standing in a field
/media/xiaodou/My Passport/Qwen/QwenVL/coco_2014_caption/175523.jpg,A red food truck with a woman looking at the menu.
/media/xiaodou/My Passport/Qwen/QwenVL/coco_2014_caption/357926.jpg,A clock and a counter in a room.
/media/xiaodou/My Passport/Qwen/QwenVL/coco_2014_caption/378059.jpg,A bear walking around on a rock filled ground.
/media/xiaodou/My Passport/Qwen/QwenVL/coco_2014_caption/467800.jpg,Cross country skiers skiing over snow covered ground.
/media/xiaodou/My Passport/Qwen/QwenVL/coco_2014_caption/126681.jpg,A woman flies a kite at the beach.
/media/xiaodou/My Passport/Qwen/QwenVL/coco_2014_caption/479038.jpg,The large tour bus has red lettering on the side of it. 
/media/xiaodou/My Passport/Qwen/QwenVL/coco_2014_caption/337158.jpg,"Urinal, toilet paper roll, and sink inside of a bathroom."
/media/xiaodou/My Passport/Qwen/QwenVL/coco_2014_caption/534694.jpg,A baseball game in progress on a soccer field.
/media/xiaodou/My Passport/Qwen/QwenVL/coco_2014_caption/343872.jpg,Sheep and a woman in a field in front of a cityscape.
/media/xiaodou/My Passport/Qwen/QwenVL/coco_2014_caption/37582.jpg,A couple of grizzly bear fishing for cood in a river.
/media/xiaodou/My Passport/Qwen/QwenVL/coco_2014_caption/271701.jpg,A cheesy pepperoni pizza sitting on top of a metal pan.
/media/xiaodou/My Passport/Qwen/QwenVL/coco_2014_caption/181474.jpg,Man riding the waves on a surf board.
/media/xiaodou/My Passport/Qwen/QwenVL/coco_2014_caption/329715.jpg,Man are standing near a couch holding Wii controllers.
/media/xiaodou/My Passport/Qwen/QwenVL/coco_2014_caption/302685.jpg,A person in a wet suit riding a surfboard on a wave.
/media/xiaodou/My Passport/Qwen/QwenVL/coco_2014_caption/221894.jpg,"A plate topped with carrots, apples and onion."
/media/xiaodou/My Passport/Qwen/QwenVL/coco_2014_caption/288770.jpg,A cat sits by the window staring outside at the falling snowflakes.
/media/xiaodou/My Passport/Qwen/QwenVL/coco_2014_caption/296987.jpg,A small boy skating on a pavement close to the wall
/media/xiaodou/My Passport/Qwen/QwenVL/coco_2014_caption/224241.jpg,Young skateboarders are being shown at the skate park.
/media/xiaodou/My Passport/Qwen/QwenVL/coco_2014_caption/492684.jpg,A sightseeing bus is filled with people touring the city.
/media/xiaodou/My Passport/Qwen/QwenVL/coco_2014_caption/250352.jpg,a brown and white horse and a white and black horse
/media/xiaodou/My Passport/Qwen/QwenVL/coco_2014_caption/349193.jpg,Two people are jumping in the air to catch a Frisbee.
/media/xiaodou/My Passport/Qwen/QwenVL/coco_2014_caption/291207.jpg,The man is preparing food on the grill.
/media/xiaodou/My Passport/Qwen/QwenVL/coco_2014_caption/151934.jpg,A blue city bus is parked next to a bus stop.
/media/xiaodou/My Passport/Qwen/QwenVL/coco_2014_caption/18917.jpg,Meat and pasta dish with vegetable served in bowl.
/media/xiaodou/My Passport/Qwen/QwenVL/coco_2014_caption/43016.jpg,A large passenger jet flying through a  gray sky.
/media/xiaodou/My Passport/Qwen/QwenVL/coco_2014_caption/256965.jpg,there is a tent up outside of a small trailer
/media/xiaodou/My Passport/Qwen/QwenVL/coco_2014_caption/57689.jpg,there are two zebras standing close to each other
/media/xiaodou/My Passport/Qwen/QwenVL/coco_2014_caption/571562.jpg,A book laying on top of a bed next to a pillow.
/media/xiaodou/My Passport/Qwen/QwenVL/coco_2014_caption/317687.jpg,A red car backs up into an overturned refrigerator.
/media/xiaodou/My Passport/Qwen/QwenVL/coco_2014_caption/557804.jpg,A tall man wearing a hat is walking.
/media/xiaodou/My Passport/Qwen/QwenVL/coco_2014_caption/55651.jpg,two people in a kitchen area with sinks and a stove
/media/xiaodou/My Passport/Qwen/QwenVL/coco_2014_caption/479803.jpg,The roof tops of the buildings in a city area.
/media/xiaodou/My Passport/Qwen/QwenVL/coco_2014_caption/55317.jpg,Two people jump up trying to catch the same Frisbee.
/media/xiaodou/My Passport/Qwen/QwenVL/coco_2014_caption/327304.jpg,A bathroom with toilet seat up in a tower building with a window
/media/xiaodou/My Passport/Qwen/QwenVL/coco_2014_caption/350514.jpg,People wait at the station to board a train.
/media/xiaodou/My Passport/Qwen/QwenVL/coco_2014_caption/69839.jpg,A white plate topped with a pizza on top of a table.
/media/xiaodou/My Passport/Qwen/QwenVL/coco_2014_caption/2754.jpg,A dog hanging it's head out of a truck window.
/media/xiaodou/My Passport/Qwen/QwenVL/coco_2014_caption/563436.jpg,A large brown dog eating a red ball.
/media/xiaodou/My Passport/Qwen/QwenVL/coco_2014_caption/24305.jpg,Man and woman and dress clothes cutting through a white cake. 
/media/xiaodou/My Passport/Qwen/QwenVL/coco_2014_caption/54082.jpg,A piece of cake covered in whipped cream sitting on top of a plate.
/media/xiaodou/My Passport/Qwen/QwenVL/coco_2014_caption/367814.jpg,A blue counter top with lots of pairs of scissors on them.
/media/xiaodou/My Passport/Qwen/QwenVL/coco_2014_caption/3830.jpg,City traffic on large boulevard shown at dusk.
/media/xiaodou/My Passport/Qwen/QwenVL/coco_2014_caption/311818.jpg,A doughnut that is on a plate with fruit.
/media/xiaodou/My Passport/Qwen/QwenVL/coco_2014_caption/400134.jpg,A dog stands behind a wire door outside
/media/xiaodou/My Passport/Qwen/QwenVL/coco_2014_caption/571168.jpg,A small public bathroom with a toilet and sink.
/media/xiaodou/My Passport/Qwen/QwenVL/coco_2014_caption/57992.jpg,two horses running on a hill near bushes 
/media/xiaodou/My Passport/Qwen/QwenVL/coco_2014_caption/497274.jpg,a white truck is driving down the street
/media/xiaodou/My Passport/Qwen/QwenVL/coco_2014_caption/164850.jpg,Blue umbrella above railing on partly cloudy day.
/media/xiaodou/My Passport/Qwen/QwenVL/coco_2014_caption/225393.jpg,A standing toilet sitting inside of a bathroom.
/media/xiaodou/My Passport/Qwen/QwenVL/coco_2014_caption/78909.jpg,a plate with a sandwich and lettuce on it 
/media/xiaodou/My Passport/Qwen/QwenVL/coco_2014_caption/54323.jpg,A brown bathroom with a walk in shower
/media/xiaodou/My Passport/Qwen/QwenVL/coco_2014_caption/32458.jpg,A red double decker bus on the street.
/media/xiaodou/My Passport/Qwen/QwenVL/coco_2014_caption/156943.jpg,"Bread, soup, and fruit are pictured together on plates. "
/media/xiaodou/My Passport/Qwen/QwenVL/coco_2014_caption/86560.jpg,"Three people sit on a couch, the man in the middle holds a frisbee."
/media/xiaodou/My Passport/Qwen/QwenVL/coco_2014_caption/560748.jpg,A large sandwich with coleslaw french-fries and vegetables.
/media/xiaodou/My Passport/Qwen/QwenVL/coco_2014_caption/550449.jpg,A lady is holding a super cheesy meal.
/media/xiaodou/My Passport/Qwen/QwenVL/coco_2014_caption/426128.jpg,A group of friend laying on top of a bed.
/media/xiaodou/My Passport/Qwen/QwenVL/coco_2014_caption/95774.jpg,A couple of people carrying surfboards next to a ocean.
/media/xiaodou/My Passport/Qwen/QwenVL/coco_2014_caption/137635.jpg,A all white dog playing with a Frisbee on the ground. 
/media/xiaodou/My Passport/Qwen/QwenVL/coco_2014_caption/521334.jpg,a man and woman look inside of a oven 
/media/xiaodou/My Passport/Qwen/QwenVL/coco_2014_caption/372020.jpg,A man floating on a raft with an umbrella turned upwards.
/media/xiaodou/My Passport/Qwen/QwenVL/coco_2014_caption/17450.jpg,A man riding a skateboard up the side of a ramp.
/media/xiaodou/My Passport/Qwen/QwenVL/coco_2014_caption/98116.jpg,the bikes are all parked with no one on them. 
/media/xiaodou/My Passport/Qwen/QwenVL/coco_2014_caption/548893.jpg,An orange and white train traveling past a forest filled with lots of green trees.
/media/xiaodou/My Passport/Qwen/QwenVL/coco_2014_caption/562162.jpg,A plastic container filled with lots of different veggies and Mickey Mouse.
/media/xiaodou/My Passport/Qwen/QwenVL/coco_2014_caption/515298.jpg,A white toilet sitting on top of a tile floor in a bathroom.
/media/xiaodou/My Passport/Qwen/QwenVL/coco_2014_caption/241491.jpg,A man hovering over a chocolate cake on a wooden counter.
/media/xiaodou/My Passport/Qwen/QwenVL/coco_2014_caption/226639.jpg,A man putting his nose on the nose of a horse.
/media/xiaodou/My Passport/Qwen/QwenVL/coco_2014_caption/133114.jpg,"A photograph of an outside with numerous things in the scene.
"
/media/xiaodou/My Passport/Qwen/QwenVL/coco_2014_caption/511774.jpg,A group of men getting off of an airplane.
/media/xiaodou/My Passport/Qwen/QwenVL/coco_2014_caption/218147.jpg,a pepperoni and pepper pizza sitting on top of an stove
/media/xiaodou/My Passport/Qwen/QwenVL/coco_2014_caption/67269.jpg,A man riding a bike while holding a surfboard.
/media/xiaodou/My Passport/Qwen/QwenVL/coco_2014_caption/134799.jpg,A person holding up their phone to record something
/media/xiaodou/My Passport/Qwen/QwenVL/coco_2014_caption/344924.jpg,Zebra stands in front of rocks while other zebra eats
/media/xiaodou/My Passport/Qwen/QwenVL/coco_2014_caption/547879.jpg,A woman bending over preparing food on a brick wall.
/media/xiaodou/My Passport/Qwen/QwenVL/coco_2014_caption/550237.jpg,"a kid with a toothbrush in her hand in the bathroom
"
/media/xiaodou/My Passport/Qwen/QwenVL/coco_2014_caption/228817.jpg,A small white bathroom with several white towels.
/media/xiaodou/My Passport/Qwen/QwenVL/coco_2014_caption/541690.jpg,A young man holds the head of a sheep at a livestock show.
/media/xiaodou/My Passport/Qwen/QwenVL/coco_2014_caption/310021.jpg,"A clean, empty refrigerator with its two doors open."
/media/xiaodou/My Passport/Qwen/QwenVL/coco_2014_caption/341714.jpg,A pile of books sitting on a table underneath a clock.
/media/xiaodou/My Passport/Qwen/QwenVL/coco_2014_caption/332833.jpg,"A person is standing over a teddy bear, wearing red socks. "
/media/xiaodou/My Passport/Qwen/QwenVL/coco_2014_caption/472224.jpg,birds swimming on waters near a bush with grass
/media/xiaodou/My Passport/Qwen/QwenVL/coco_2014_caption/398523.jpg,A stop sign on a wooden pole in the water.
/media/xiaodou/My Passport/Qwen/QwenVL/coco_2014_caption/56963.jpg,an airplane sitting on a tarmac next to a runway.
/media/xiaodou/My Passport/Qwen/QwenVL/coco_2014_caption/303232.jpg,A group of giraffe standing next to a forest with green trees.
/media/xiaodou/My Passport/Qwen/QwenVL/coco_2014_caption/518180.jpg,A vase that has flowers inside of it.
/media/xiaodou/My Passport/Qwen/QwenVL/coco_2014_caption/409825.jpg,Many people are attending an upscale dinner event.
/media/xiaodou/My Passport/Qwen/QwenVL/coco_2014_caption/532521.jpg,A blue and white. passenger jet taxiing on the runway.
/media/xiaodou/My Passport/Qwen/QwenVL/coco_2014_caption/470632.jpg,A girls feet and shoes are touching each other.
/media/xiaodou/My Passport/Qwen/QwenVL/coco_2014_caption/546474.jpg,Two zebra in an enclosure touching each other.
/media/xiaodou/My Passport/Qwen/QwenVL/coco_2014_caption/534183.jpg,A small bathroom with a white vanity and toilet and tan tile floor.
/media/xiaodou/My Passport/Qwen/QwenVL/coco_2014_caption/520352.jpg,The vase is holding such beautiful flowers by the window.
/media/xiaodou/My Passport/Qwen/QwenVL/coco_2014_caption/50106.jpg,Several people waiting on the sidewalk playing with their phones.
/media/xiaodou/My Passport/Qwen/QwenVL/coco_2014_caption/38474.jpg,A cat laying on top of an open laptop computer.
/media/xiaodou/My Passport/Qwen/QwenVL/coco_2014_caption/38686.jpg,Computer work on the back deck with the dog nearby
/media/xiaodou/My Passport/Qwen/QwenVL/coco_2014_caption/430925.jpg,A cake decorated with ponies and a pile of macaron cookies on the side.
/media/xiaodou/My Passport/Qwen/QwenVL/coco_2014_caption/459355.jpg,A man in black shirt catching a frisbee between his legs.
/media/xiaodou/My Passport/Qwen/QwenVL/coco_2014_caption/47935.jpg,A woman shows off her pizza on a cutting board in a kitchen.
/media/xiaodou/My Passport/Qwen/QwenVL/coco_2014_caption/509587.jpg,A grizzly bear perched on a dead tree.
/media/xiaodou/My Passport/Qwen/QwenVL/coco_2014_caption/453037.jpg,a batter swinging the bat after hitting the ball
/media/xiaodou/My Passport/Qwen/QwenVL/coco_2014_caption/131434.jpg,A small brown and white cat under a car.
/media/xiaodou/My Passport/Qwen/QwenVL/coco_2014_caption/452412.jpg,A herd of zebra standing on a dry grass field.
/media/xiaodou/My Passport/Qwen/QwenVL/coco_2014_caption/558405.jpg,"The woman is walking in the city in a bricked alley, holding an umbrella."
/media/xiaodou/My Passport/Qwen/QwenVL/coco_2014_caption/498000.jpg,"A herd of cattle walking around a hilly, grassy area."
/media/xiaodou/My Passport/Qwen/QwenVL/coco_2014_caption/475275.jpg,A zebra is standing outside and eating grass.
/media/xiaodou/My Passport/Qwen/QwenVL/coco_2014_caption/1085.jpg,An orange cat laying on a bed with a black comforter.
/media/xiaodou/My Passport/Qwen/QwenVL/coco_2014_caption/441172.jpg,A person sitting against a wall as another walks by with an umbrella.
/media/xiaodou/My Passport/Qwen/QwenVL/coco_2014_caption/347653.jpg,The jar that is left out on the table is dirty. 
/media/xiaodou/My Passport/Qwen/QwenVL/coco_2014_caption/153666.jpg,"A street with a barrier, traffic lights and buildings."
/media/xiaodou/My Passport/Qwen/QwenVL/coco_2014_caption/247744.jpg,A toilet is surrounded by colorfully painted walls.
/media/xiaodou/My Passport/Qwen/QwenVL/coco_2014_caption/482789.jpg,An adorable white dog sitting in a window sill 
/media/xiaodou/My Passport/Qwen/QwenVL/coco_2014_caption/4888.jpg,A boat traveling through the water towards a rocky shore.
/media/xiaodou/My Passport/Qwen/QwenVL/coco_2014_caption/231845.jpg,Two gentleman are playing on the Wii. 
/media/xiaodou/My Passport/Qwen/QwenVL/coco_2014_caption/362145.jpg,A person standing in a court with a tennis racket.
/media/xiaodou/My Passport/Qwen/QwenVL/coco_2014_caption/567018.jpg,A pair of donuts in a tissue paper wrapping sit atop a counter.
/media/xiaodou/My Passport/Qwen/QwenVL/coco_2014_caption/201386.jpg,A train traveling down the side of a lush green hillside.
/media/xiaodou/My Passport/Qwen/QwenVL/coco_2014_caption/154794.jpg,A couple sitting on a red bench overlooking the ocean.
/media/xiaodou/My Passport/Qwen/QwenVL/coco_2014_caption/10728.jpg,"A pizza topped with meat, olives, and peppers."
/media/xiaodou/My Passport/Qwen/QwenVL/coco_2014_caption/476881.jpg,A greasey burger and a drink on a table
/media/xiaodou/My Passport/Qwen/QwenVL/coco_2014_caption/72902.jpg,A man standing by a dog catching a frisbee on a field.
/media/xiaodou/My Passport/Qwen/QwenVL/coco_2014_caption/40325.jpg,A large boat kicking up spray in the water.
/media/xiaodou/My Passport/Qwen/QwenVL/coco_2014_caption/318365.jpg,"someone holding a teddy bear above a toilet
"
/media/xiaodou/My Passport/Qwen/QwenVL/coco_2014_caption/98278.jpg,A man talking on a cell phone while holding a pen.
/media/xiaodou/My Passport/Qwen/QwenVL/coco_2014_caption/304548.jpg,A man riding a snowboard down the side of a snow covered slope.
/media/xiaodou/My Passport/Qwen/QwenVL/coco_2014_caption/532227.jpg,A snowboarder on a snowy mountain slope on a clear day.
/media/xiaodou/My Passport/Qwen/QwenVL/coco_2014_caption/540785.jpg,A red plane flying across a bright blue sky.
/media/xiaodou/My Passport/Qwen/QwenVL/coco_2014_caption/480893.jpg,A large gray elephant standing on top of a dirt field.
/media/xiaodou/My Passport/Qwen/QwenVL/coco_2014_caption/40219.jpg,A couple of people standing in front of a mirror.
/media/xiaodou/My Passport/Qwen/QwenVL/coco_2014_caption/236142.jpg,A covered barbeque grill and benches against the wall of a house.
/media/xiaodou/My Passport/Qwen/QwenVL/coco_2014_caption/565546.jpg,a man that is sitting in a white truck
/media/xiaodou/My Passport/Qwen/QwenVL/coco_2014_caption/552346.jpg,A young man standing in the snow next to snow boards.
/media/xiaodou/My Passport/Qwen/QwenVL/coco_2014_caption/60980.jpg,A person holding two remotes strapped together with ties
/media/xiaodou/My Passport/Qwen/QwenVL/coco_2014_caption/390792.jpg,A man that is sitting in a van.
/media/xiaodou/My Passport/Qwen/QwenVL/coco_2014_caption/79896.jpg,A run down toilet in need of desperate work.
/media/xiaodou/My Passport/Qwen/QwenVL/coco_2014_caption/52902.jpg,A young woman is holding a cell phone open next to her face.
/media/xiaodou/My Passport/Qwen/QwenVL/coco_2014_caption/493547.jpg,A man is laying naked in his bed reading a book.
/media/xiaodou/My Passport/Qwen/QwenVL/coco_2014_caption/184320.jpg,A man standing with his arms in the air and a frisbee near his face.
/media/xiaodou/My Passport/Qwen/QwenVL/coco_2014_caption/349134.jpg,two ladies and kids playing sports in a green yard 
/media/xiaodou/My Passport/Qwen/QwenVL/coco_2014_caption/542643.jpg,A baseball player holding a bat standing next to home plate.
/media/xiaodou/My Passport/Qwen/QwenVL/coco_2014_caption/149180.jpg,a couple of dogs are laying on a bed
/media/xiaodou/My Passport/Qwen/QwenVL/coco_2014_caption/498079.jpg,A woman on a blue bicycle looking at a cell phone.
/media/xiaodou/My Passport/Qwen/QwenVL/coco_2014_caption/320403.jpg,Two giraffe standing next to each other.on a lush green field.
/media/xiaodou/My Passport/Qwen/QwenVL/coco_2014_caption/139344.jpg,A giraffe standing next to a green palm tree.
/media/xiaodou/My Passport/Qwen/QwenVL/coco_2014_caption/359104.jpg,A temporary sign for no parking is taped to a permanent street sign.
/media/xiaodou/My Passport/Qwen/QwenVL/coco_2014_caption/380522.jpg,A group of people standing on top of a beach flying kites.
/media/xiaodou/My Passport/Qwen/QwenVL/coco_2014_caption/211593.jpg,People in a field flying a kite by its long colorful tail
/media/xiaodou/My Passport/Qwen/QwenVL/coco_2014_caption/193243.jpg,A blue sign suspended above a street with cars driving under it.
/media/xiaodou/My Passport/Qwen/QwenVL/coco_2014_caption/504976.jpg,A bathroom area with a toilet paper dispenser and a toilet.
/media/xiaodou/My Passport/Qwen/QwenVL/coco_2014_caption/255992.jpg,a man gazing around before some ripe bananas
/media/xiaodou/My Passport/Qwen/QwenVL/coco_2014_caption/369355.jpg,A row of urinals mounted to a wall next to a row of sinks.
/media/xiaodou/My Passport/Qwen/QwenVL/coco_2014_caption/415529.jpg,A lady and a man sitting on a bench next to a fence.
/media/xiaodou/My Passport/Qwen/QwenVL/coco_2014_caption/37125.jpg,A clock next to a statue and bells on a building.
/media/xiaodou/My Passport/Qwen/QwenVL/coco_2014_caption/166093.jpg,A woman standing on a tennis court holding a racquet.
/media/xiaodou/My Passport/Qwen/QwenVL/coco_2014_caption/326849.jpg,A yellow banana on top of a coffee cup in a microwave. 
/media/xiaodou/My Passport/Qwen/QwenVL/coco_2014_caption/564063.jpg,Soldiers with guns in the back of trucks in a parade. 
/media/xiaodou/My Passport/Qwen/QwenVL/coco_2014_caption/231104.jpg,An airplane being loaded with bags and luggage.
/media/xiaodou/My Passport/Qwen/QwenVL/coco_2014_caption/552518.jpg,A couple of young people talk on the terrace of a shop in the city.
/media/xiaodou/My Passport/Qwen/QwenVL/coco_2014_caption/190378.jpg,A white plate topped with a pizza next to a bowl of salad.
/media/xiaodou/My Passport/Qwen/QwenVL/coco_2014_caption/548428.jpg,AN AIRPLANE IS PARKED ON THE TAR MAP IN A FIELD 
/media/xiaodou/My Passport/Qwen/QwenVL/coco_2014_caption/164044.jpg,A red bus parked in a parking lot near a building.
/media/xiaodou/My Passport/Qwen/QwenVL/coco_2014_caption/82246.jpg,A man sitting on a bench next to a bike with basket.
/media/xiaodou/My Passport/Qwen/QwenVL/coco_2014_caption/411751.jpg,A skier rides the slopes down a snowy hill
/media/xiaodou/My Passport/Qwen/QwenVL/coco_2014_caption/246280.jpg,A tennis player is swinging on a court.
/media/xiaodou/My Passport/Qwen/QwenVL/coco_2014_caption/147122.jpg,A modern kitchen done in white with a living room near by.
/media/xiaodou/My Passport/Qwen/QwenVL/coco_2014_caption/287094.jpg,"An apple, lemon and carrots are on a table."
/media/xiaodou/My Passport/Qwen/QwenVL/coco_2014_caption/1510.jpg,"A plate with chicken, broccoli and mushrooms with a bit of gravy."
/media/xiaodou/My Passport/Qwen/QwenVL/coco_2014_caption/431865.jpg,A blond curly haired boy eating a piece of pizza.
/media/xiaodou/My Passport/Qwen/QwenVL/coco_2014_caption/121350.jpg,A mustard colored couch sits below a red painting.
/media/xiaodou/My Passport/Qwen/QwenVL/coco_2014_caption/372141.jpg,Man holding a skateboard talks to a boy standing over him. 
/media/xiaodou/My Passport/Qwen/QwenVL/coco_2014_caption/40971.jpg,A long bill bird standing on a beach next to the ocean.
/media/xiaodou/My Passport/Qwen/QwenVL/coco_2014_caption/315488.jpg,A herd of cows laying on the beach in the sand
/media/xiaodou/My Passport/Qwen/QwenVL/coco_2014_caption/20039.jpg,An old blue truck has its hood open.
/media/xiaodou/My Passport/Qwen/QwenVL/coco_2014_caption/180351.jpg,An old lady sits in a dark room.
/media/xiaodou/My Passport/Qwen/QwenVL/coco_2014_caption/247631.jpg,A clock with the alarm icon on it sitting on a table.
/media/xiaodou/My Passport/Qwen/QwenVL/coco_2014_caption/169448.jpg,Five trucks parked behind each other near a building. 
/media/xiaodou/My Passport/Qwen/QwenVL/coco_2014_caption/24086.jpg,A little girl is looking at a plate of cakes.
/media/xiaodou/My Passport/Qwen/QwenVL/coco_2014_caption/430692.jpg,many items on a table with an ipod a wallet 
/media/xiaodou/My Passport/Qwen/QwenVL/coco_2014_caption/136078.jpg,A large group of elephants in a grass field.
/media/xiaodou/My Passport/Qwen/QwenVL/coco_2014_caption/235760.jpg,a number of children playing with a stuffed animal 
/media/xiaodou/My Passport/Qwen/QwenVL/coco_2014_caption/290259.jpg,A large semi truck with a tractor trailer on the back.
/media/xiaodou/My Passport/Qwen/QwenVL/coco_2014_caption/384563.jpg,Image of a kitchen sink below a shelf with a dish rack nearby.
/media/xiaodou/My Passport/Qwen/QwenVL/coco_2014_caption/350360.jpg,A man flying through the air over a net on a snow covered slope.
/media/xiaodou/My Passport/Qwen/QwenVL/coco_2014_caption/45491.jpg,A man laying on top of a bed next to a pile of luggage.
/media/xiaodou/My Passport/Qwen/QwenVL/coco_2014_caption/2309.jpg,A white tower sitting in the middle of a brick planter.
/media/xiaodou/My Passport/Qwen/QwenVL/coco_2014_caption/339674.jpg,A group of young men playing a game of frisbee.
/media/xiaodou/My Passport/Qwen/QwenVL/coco_2014_caption/529529.jpg,A person just a very nice looking at the ground.
/media/xiaodou/My Passport/Qwen/QwenVL/coco_2014_caption/102488.jpg,The fireplace has framed photos on the mantel.
/media/xiaodou/My Passport/Qwen/QwenVL/coco_2014_caption/273789.jpg,A woman in shorts taking a swing at a ball
/media/xiaodou/My Passport/Qwen/QwenVL/coco_2014_caption/505865.jpg,A pole with traffic signs stacked on top of each other.
/media/xiaodou/My Passport/Qwen/QwenVL/coco_2014_caption/256794.jpg,a few animals that are next to a tree and water
/media/xiaodou/My Passport/Qwen/QwenVL/coco_2014_caption/448887.jpg,lines of buses sitting around in a bus lot with arabic writing on the side
/media/xiaodou/My Passport/Qwen/QwenVL/coco_2014_caption/30910.jpg,A red train with lots of tanker cars behind it.
/media/xiaodou/My Passport/Qwen/QwenVL/coco_2014_caption/570075.jpg,People on the boardwalk and beach flying kites
/media/xiaodou/My Passport/Qwen/QwenVL/coco_2014_caption/537035.jpg,A couple of slices of pizza on a plate.
/media/xiaodou/My Passport/Qwen/QwenVL/coco_2014_caption/225709.jpg,black and white photo of hamburger and hot dogs and tongs.
/media/xiaodou/My Passport/Qwen/QwenVL/coco_2014_caption/105804.jpg,Two computers that are next to each other on a desk.
/media/xiaodou/My Passport/Qwen/QwenVL/coco_2014_caption/445392.jpg,A bathroom with paper hanging out of the dispenser.
/media/xiaodou/My Passport/Qwen/QwenVL/coco_2014_caption/513676.jpg,A young boy sitting at a table with a donut and bottle of juice.
/media/xiaodou/My Passport/Qwen/QwenVL/coco_2014_caption/107428.jpg,Two young people playing a game on the Nintendo Wii.
/media/xiaodou/My Passport/Qwen/QwenVL/coco_2014_caption/486606.jpg,Four men cup hands over the net in a tennis court.
/media/xiaodou/My Passport/Qwen/QwenVL/coco_2014_caption/17171.jpg,A black dog laying on a grass covered field.
/media/xiaodou/My Passport/Qwen/QwenVL/coco_2014_caption/457481.jpg,"photographs, paper with handwriting on it and a keyboard on a table"
/media/xiaodou/My Passport/Qwen/QwenVL/coco_2014_caption/399006.jpg,The two beds in the hotel room  have been made.
/media/xiaodou/My Passport/Qwen/QwenVL/coco_2014_caption/289575.jpg,Thatched umbrellas rest on their tops in a sandy area.
/media/xiaodou/My Passport/Qwen/QwenVL/coco_2014_caption/468132.jpg,"A cat that is sitting, looking out of a window."
/media/xiaodou/My Passport/Qwen/QwenVL/coco_2014_caption/498270.jpg,Herds of sheep are on a terraced hillside.
/media/xiaodou/My Passport/Qwen/QwenVL/coco_2014_caption/323108.jpg,Several children petting a giraffe over a fence.
/media/xiaodou/My Passport/Qwen/QwenVL/coco_2014_caption/39948.jpg,A TV sitting on top of a wooden stand next to a fire place.
/media/xiaodou/My Passport/Qwen/QwenVL/coco_2014_caption/434522.jpg,A man that is standing in the sand with a surfboard.
/media/xiaodou/My Passport/Qwen/QwenVL/coco_2014_caption/33249.jpg,A light blue vase holding flowers in a window sill.
/media/xiaodou/My Passport/Qwen/QwenVL/coco_2014_caption/368871.jpg,A kitchen appliance sits atop a counter with attachments.
/media/xiaodou/My Passport/Qwen/QwenVL/coco_2014_caption/455945.jpg,An orange that has been placed next to a beer.
/media/xiaodou/My Passport/Qwen/QwenVL/coco_2014_caption/561861.jpg,"Side by side images of a traffic signal, one with the light red and the other with the light green."
/media/xiaodou/My Passport/Qwen/QwenVL/coco_2014_caption/364941.jpg,A man swinging a tennis racquet at a tennis ball.
/media/xiaodou/My Passport/Qwen/QwenVL/coco_2014_caption/120375.jpg,A street filled with lots of people and tall buildings.
/media/xiaodou/My Passport/Qwen/QwenVL/coco_2014_caption/369472.jpg,A baseball player wearing a green and white uniform.
/media/xiaodou/My Passport/Qwen/QwenVL/coco_2014_caption/550359.jpg,a bathroom with a sink and a toilet in it
/media/xiaodou/My Passport/Qwen/QwenVL/coco_2014_caption/36966.jpg,A white bowl of food on a table.
/media/xiaodou/My Passport/Qwen/QwenVL/coco_2014_caption/47451.jpg,Two blue parking meters sitting on a sidewalk.
/media/xiaodou/My Passport/Qwen/QwenVL/coco_2014_caption/75254.jpg,A giraffe standing next to a rocky mountain.
/media/xiaodou/My Passport/Qwen/QwenVL/coco_2014_caption/326734.jpg,a couple of bowls of food that is on a table
/media/xiaodou/My Passport/Qwen/QwenVL/coco_2014_caption/234649.jpg,Two  different street signs on a stone building.
/media/xiaodou/My Passport/Qwen/QwenVL/coco_2014_caption/527056.jpg,A red table topped with pants and plates of food.
/media/xiaodou/My Passport/Qwen/QwenVL/coco_2014_caption/406242.jpg,"Two computer monitors, a keyboard and mouse on a desk."
/media/xiaodou/My Passport/Qwen/QwenVL/coco_2014_caption/448253.jpg,a boat that is floating in some water
/media/xiaodou/My Passport/Qwen/QwenVL/coco_2014_caption/346562.jpg,a public transit bus parked in a parking lot
/media/xiaodou/My Passport/Qwen/QwenVL/coco_2014_caption/485261.jpg,this is a messy bed sitting next to a window on a snowy day
/media/xiaodou/My Passport/Qwen/QwenVL/coco_2014_caption/80745.jpg,Some green bananas and yellow bananas bunched together.
/media/xiaodou/My Passport/Qwen/QwenVL/coco_2014_caption/551888.jpg,"a bathroom with a sink, mirror on a tiled floor with a door open"
/media/xiaodou/My Passport/Qwen/QwenVL/coco_2014_caption/182645.jpg,"An office with a laptop, monitor, keyboard, file cabinet and wall clock."
/media/xiaodou/My Passport/Qwen/QwenVL/coco_2014_caption/344920.jpg,"The compact room with double beds has the bare necessities, but with surprising flooring."
/media/xiaodou/My Passport/Qwen/QwenVL/coco_2014_caption/319354.jpg,The back end of a parked car with an umbrella on the ground next to it.
/media/xiaodou/My Passport/Qwen/QwenVL/coco_2014_caption/392219.jpg,Traffic lights are hanging from a traffic pole.
/media/xiaodou/My Passport/Qwen/QwenVL/coco_2014_caption/37291.jpg,The kitten is enjoying the treats on the plate.
/media/xiaodou/My Passport/Qwen/QwenVL/coco_2014_caption/141304.jpg,A Frito Lay van is on the side of the street.
/media/xiaodou/My Passport/Qwen/QwenVL/coco_2014_caption/547869.jpg,A table has dishes and food on it.
/media/xiaodou/My Passport/Qwen/QwenVL/coco_2014_caption/275830.jpg,A car driving under a traffic light down a street.
/media/xiaodou/My Passport/Qwen/QwenVL/coco_2014_caption/562205.jpg,A cat standing near a cup that is sitting on the ground.
/media/xiaodou/My Passport/Qwen/QwenVL/coco_2014_caption/119979.jpg,Two girls at a frisbee sporting event with onlookers.
/media/xiaodou/My Passport/Qwen/QwenVL/coco_2014_caption/100319.jpg,A very tall white building sitting next to a street filled with traffic.
/media/xiaodou/My Passport/Qwen/QwenVL/coco_2014_caption/393108.jpg,A woman taking a picture of herself with her cell phone. 
/media/xiaodou/My Passport/Qwen/QwenVL/coco_2014_caption/453930.jpg,A person with an animal hat on with an open umbrella. 
/media/xiaodou/My Passport/Qwen/QwenVL/coco_2014_caption/494297.jpg,A doughnut with a giant doughnut over it's face.
/media/xiaodou/My Passport/Qwen/QwenVL/coco_2014_caption/28288.jpg,A foot long hot dog in a bun covered in ketchup.
/media/xiaodou/My Passport/Qwen/QwenVL/coco_2014_caption/517408.jpg,A man riding skis on top of a snow covered slope
/media/xiaodou/My Passport/Qwen/QwenVL/coco_2014_caption/550610.jpg,A retro yellow tour bus parked in front.
/media/xiaodou/My Passport/Qwen/QwenVL/coco_2014_caption/573046.jpg,A guy holding a white umbrella and light on the beach at night.
/media/xiaodou/My Passport/Qwen/QwenVL/coco_2014_caption/447484.jpg,A man about to hit a ball on the tennis court.
/media/xiaodou/My Passport/Qwen/QwenVL/coco_2014_caption/423349.jpg,"Front view of shop on the corner of a street
"
/media/xiaodou/My Passport/Qwen/QwenVL/coco_2014_caption/202388.jpg,A man in a baseball uniform swinging a bat.
/media/xiaodou/My Passport/Qwen/QwenVL/coco_2014_caption/181649.jpg,A small gray and brown dog holding a white teddy bear.
/media/xiaodou/My Passport/Qwen/QwenVL/coco_2014_caption/442518.jpg,A man catching the baseball behind home plate in practice.
/media/xiaodou/My Passport/Qwen/QwenVL/coco_2014_caption/405209.jpg,A warning sign in the middle of water with a fire hydrant in the foreground.
/media/xiaodou/My Passport/Qwen/QwenVL/coco_2014_caption/390829.jpg,a little boy that is playing with a wii
/media/xiaodou/My Passport/Qwen/QwenVL/coco_2014_caption/26356.jpg,this is a woman feeding a pair of sheep
/media/xiaodou/My Passport/Qwen/QwenVL/coco_2014_caption/110459.jpg,The man in a suit has a blue shirt and tie.
/media/xiaodou/My Passport/Qwen/QwenVL/coco_2014_caption/984.jpg,A person pulling apart a bunch of bananas in a box.
/media/xiaodou/My Passport/Qwen/QwenVL/coco_2014_caption/109515.jpg,A man riding a skateboard up a ramp at a skate park.
/media/xiaodou/My Passport/Qwen/QwenVL/coco_2014_caption/346576.jpg,a little boy is outside holding up a kite
/media/xiaodou/My Passport/Qwen/QwenVL/coco_2014_caption/379470.jpg,A patio table surrounded by chairs on a patio.
/media/xiaodou/My Passport/Qwen/QwenVL/coco_2014_caption/472630.jpg,A little girl walking along a skate park.
/media/xiaodou/My Passport/Qwen/QwenVL/coco_2014_caption/221420.jpg,A man sitting in a chair in front of an open laptop.
/media/xiaodou/My Passport/Qwen/QwenVL/coco_2014_caption/327768.jpg,A kitchen has wooden cabinets and a sink.
/media/xiaodou/My Passport/Qwen/QwenVL/coco_2014_caption/399054.jpg,Man squinting at the camera while using a Wii controller.
/media/xiaodou/My Passport/Qwen/QwenVL/coco_2014_caption/77569.jpg,there is a all white motorcycle on display
/media/xiaodou/My Passport/Qwen/QwenVL/coco_2014_caption/169510.jpg,A group of men standing around bunches of unripe bananas.
/media/xiaodou/My Passport/Qwen/QwenVL/coco_2014_caption/442326.jpg,a cargo train going down a track close to the free way 
/media/xiaodou/My Passport/Qwen/QwenVL/coco_2014_caption/530670.jpg,a large hotdog is in a persons hand
/media/xiaodou/My Passport/Qwen/QwenVL/coco_2014_caption/340598.jpg,A couple of adorable dogs laying on top of a bed.
/media/xiaodou/My Passport/Qwen/QwenVL/coco_2014_caption/88825.jpg,A lady with boots stands next to the sea with a toothbrush in her mouth
/media/xiaodou/My Passport/Qwen/QwenVL/coco_2014_caption/46009.jpg,A couple of zebra standing next to each other in an enclosure.
/media/xiaodou/My Passport/Qwen/QwenVL/coco_2014_caption/81964.jpg,"A plate of food with tomatoes, broccoli and strawberries on it. "
/media/xiaodou/My Passport/Qwen/QwenVL/coco_2014_caption/337255.jpg,A man is home napping on the couch
/media/xiaodou/My Passport/Qwen/QwenVL/coco_2014_caption/427251.jpg,A black cat sits on top of papers next to a computer
/media/xiaodou/My Passport/Qwen/QwenVL/coco_2014_caption/496509.jpg,A woman sitting in front of a laptop computer.
/media/xiaodou/My Passport/Qwen/QwenVL/coco_2014_caption/378278.jpg,"grapes, lemon, and an apple in a wicker basket"
/media/xiaodou/My Passport/Qwen/QwenVL/coco_2014_caption/79808.jpg,a clock on a tower on top of a building
/media/xiaodou/My Passport/Qwen/QwenVL/coco_2014_caption/29671.jpg,A fire hose that is rollled up and connected to a water source.
/media/xiaodou/My Passport/Qwen/QwenVL/coco_2014_caption/166575.jpg,A group of zebras grazing in a field. 
/media/xiaodou/My Passport/Qwen/QwenVL/coco_2014_caption/540923.jpg,A plate with a slice of chicken pot pie on it.
/media/xiaodou/My Passport/Qwen/QwenVL/coco_2014_caption/489622.jpg,a black and white picture of a little girl holding a teddy bear 
/media/xiaodou/My Passport/Qwen/QwenVL/coco_2014_caption/133885.jpg,A blender on display on a shelf with a price tag underneath it.
/media/xiaodou/My Passport/Qwen/QwenVL/coco_2014_caption/294574.jpg,"A large red, green and white circle stands on a tarmac."
/media/xiaodou/My Passport/Qwen/QwenVL/coco_2014_caption/85847.jpg,Small boats line a narrow shore in a creek
/media/xiaodou/My Passport/Qwen/QwenVL/coco_2014_caption/333894.jpg,A fleet of air crafts are flying through the air.
/media/xiaodou/My Passport/Qwen/QwenVL/coco_2014_caption/35427.jpg,"some bowls of food, one with broccoli, the other with some chow mein noodles"
/media/xiaodou/My Passport/Qwen/QwenVL/coco_2014_caption/505858.jpg,A zebra peering into a vehicle on the roadside.
/media/xiaodou/My Passport/Qwen/QwenVL/coco_2014_caption/213069.jpg,A white toilet in a small room with tiled floors.
/media/xiaodou/My Passport/Qwen/QwenVL/coco_2014_caption/234084.jpg,This is a landscape view of a church with a clock tower.
/media/xiaodou/My Passport/Qwen/QwenVL/coco_2014_caption/215657.jpg,Office cubicle with a backpack sitting on computer chair
/media/xiaodou/My Passport/Qwen/QwenVL/coco_2014_caption/230070.jpg,A single zebra is looking at the camera man. 
/media/xiaodou/My Passport/Qwen/QwenVL/coco_2014_caption/300277.jpg,A toilet sitting below a window next to a sink.
/media/xiaodou/My Passport/Qwen/QwenVL/coco_2014_caption/209667.jpg,A couple of people on a sidewalk holding umbrellas.
/media/xiaodou/My Passport/Qwen/QwenVL/coco_2014_caption/368983.jpg,A bench is chained to the building door.
/media/xiaodou/My Passport/Qwen/QwenVL/coco_2014_caption/426690.jpg,The black and white cat is sitting in the bathroom sink
/media/xiaodou/My Passport/Qwen/QwenVL/coco_2014_caption/1424.jpg,Several people around a table getting ready to cut into a cake.
/media/xiaodou/My Passport/Qwen/QwenVL/coco_2014_caption/64619.jpg,A man blows out a candle on a cake.
/media/xiaodou/My Passport/Qwen/QwenVL/coco_2014_caption/338235.jpg,"A small glass vase with a blue, yellow and white flower inside it"
/media/xiaodou/My Passport/Qwen/QwenVL/coco_2014_caption/278737.jpg,A young boy playing baseball swinging as the batter.
/media/xiaodou/My Passport/Qwen/QwenVL/coco_2014_caption/131524.jpg,A large clock tower with a large white clock.
/media/xiaodou/My Passport/Qwen/QwenVL/coco_2014_caption/172655.jpg,A brown calf with a blue tag in it's ear and other cattle behind it.
/media/xiaodou/My Passport/Qwen/QwenVL/coco_2014_caption/1822.jpg,"A room with a rug, table, and chairs, and other items"
/media/xiaodou/My Passport/Qwen/QwenVL/coco_2014_caption/250789.jpg,A toilet in the stall of a public restroom.
/media/xiaodou/My Passport/Qwen/QwenVL/coco_2014_caption/572206.jpg,A pedestal toilet stands next to a claw footed bath tub.
/media/xiaodou/My Passport/Qwen/QwenVL/coco_2014_caption/399500.jpg,Man engaging in the recreational activity of downhill skiing
/media/xiaodou/My Passport/Qwen/QwenVL/coco_2014_caption/502482.jpg,A skateboarder is riding the green ramp. 
/media/xiaodou/My Passport/Qwen/QwenVL/coco_2014_caption/441152.jpg,A vase of flowers next to a cupcake on a plate
/media/xiaodou/My Passport/Qwen/QwenVL/coco_2014_caption/326484.jpg,A group of people playing a video game on Nintendo Wii.
/media/xiaodou/My Passport/Qwen/QwenVL/coco_2014_caption/575476.jpg,tHERE IS A MAN SMILING AND HOLDING A TRAY OF DONUTS
/media/xiaodou/My Passport/Qwen/QwenVL/coco_2014_caption/81043.jpg,A row of bathroom mirror reflect the stalls opposite. 
/media/xiaodou/My Passport/Qwen/QwenVL/coco_2014_caption/250543.jpg,A cat stands on the chest of a man using a laptop.
/media/xiaodou/My Passport/Qwen/QwenVL/coco_2014_caption/552138.jpg,A large clock mounted to the side of a clock tower.
/media/xiaodou/My Passport/Qwen/QwenVL/coco_2014_caption/275603.jpg,"A fenced in field with two giraffes, one laying down."
/media/xiaodou/My Passport/Qwen/QwenVL/coco_2014_caption/162937.jpg,A small boat drives on a lake surrounded by trees.
/media/xiaodou/My Passport/Qwen/QwenVL/coco_2014_caption/313600.jpg,"Spring rolls covered with cheese with soy dipping sauce.
"
/media/xiaodou/My Passport/Qwen/QwenVL/coco_2014_caption/258364.jpg,A young man walking up a hill carrying a snow board.
/media/xiaodou/My Passport/Qwen/QwenVL/coco_2014_caption/460405.jpg,A herd of giraffe standing on top of a grass covered field.
/media/xiaodou/My Passport/Qwen/QwenVL/coco_2014_caption/332549.jpg,A white bath tub with tiled walls next to a toilet.
/media/xiaodou/My Passport/Qwen/QwenVL/coco_2014_caption/229616.jpg,A parked fighter jet on display in front of a crowd.
/media/xiaodou/My Passport/Qwen/QwenVL/coco_2014_caption/518866.jpg,A small boat is sitting in the middle of blue waters.
/media/xiaodou/My Passport/Qwen/QwenVL/coco_2014_caption/420615.jpg,A white toilet and a sink in a room.
/media/xiaodou/My Passport/Qwen/QwenVL/coco_2014_caption/114686.jpg,A fishing boat in the water near a house in the grass.
/media/xiaodou/My Passport/Qwen/QwenVL/coco_2014_caption/82486.jpg,Altered photograph of a couple embracing by old luggage in a paddock
/media/xiaodou/My Passport/Qwen/QwenVL/coco_2014_caption/561394.jpg,"View of bathroom with bathtub with shower curtain, high window, large wall mirror, sink and vanity with a jar, a tray with two candles, and a vase pot with greenery."
/media/xiaodou/My Passport/Qwen/QwenVL/coco_2014_caption/72133.jpg,A street corner with a box on it is shown.
/media/xiaodou/My Passport/Qwen/QwenVL/coco_2014_caption/325548.jpg,Two bags full of oranges sitting on a wooden floor.
/media/xiaodou/My Passport/Qwen/QwenVL/coco_2014_caption/217571.jpg,An airplane is taking off of a runway.
/media/xiaodou/My Passport/Qwen/QwenVL/coco_2014_caption/409165.jpg,A man holding a tennis racket and a ball in his hands. 
/media/xiaodou/My Passport/Qwen/QwenVL/coco_2014_caption/156455.jpg,A flower in a tree that looks like a bunch of bananas.
/media/xiaodou/My Passport/Qwen/QwenVL/coco_2014_caption/390797.jpg,A young woman holding a yellow banana up to her face.
/media/xiaodou/My Passport/Qwen/QwenVL/coco_2014_caption/562593.jpg,a woman eating donuts from strings on a porch.
/media/xiaodou/My Passport/Qwen/QwenVL/coco_2014_caption/8568.jpg,A office desk with a computer and several monitors on the desk.
/media/xiaodou/My Passport/Qwen/QwenVL/coco_2014_caption/217978.jpg,two dogs in a back yard with pots with flowers
/media/xiaodou/My Passport/Qwen/QwenVL/coco_2014_caption/456800.jpg,A woman on a surfboard in the ocean waves.
/media/xiaodou/My Passport/Qwen/QwenVL/coco_2014_caption/5967.jpg,A large passenger jet on top of an airport runway.
/media/xiaodou/My Passport/Qwen/QwenVL/coco_2014_caption/451738.jpg,Two giraffes walk through the tall grass. 
/media/xiaodou/My Passport/Qwen/QwenVL/coco_2014_caption/431322.jpg,A lone zebra standing in a green field.
/media/xiaodou/My Passport/Qwen/QwenVL/coco_2014_caption/2342.jpg,Tho giraffes close up looking over the fence.
/media/xiaodou/My Passport/Qwen/QwenVL/coco_2014_caption/516273.jpg,Food and drink on a table outside 
/media/xiaodou/My Passport/Qwen/QwenVL/coco_2014_caption/546114.jpg,Black refrigerator sitting in between wall and white cabinet. 
/media/xiaodou/My Passport/Qwen/QwenVL/coco_2014_caption/148301.jpg,A cat with a red collar is asleep on the bed.
/media/xiaodou/My Passport/Qwen/QwenVL/coco_2014_caption/242544.jpg,a woman is standing in front of a horse
/media/xiaodou/My Passport/Qwen/QwenVL/coco_2014_caption/530187.jpg,Two beds and other furniture inside a hotel room
/media/xiaodou/My Passport/Qwen/QwenVL/coco_2014_caption/524050.jpg,a side view mirror  and some signs and building
/media/xiaodou/My Passport/Qwen/QwenVL/coco_2014_caption/544606.jpg,A large bed in a room underneath a window.
/media/xiaodou/My Passport/Qwen/QwenVL/coco_2014_caption/567637.jpg,A man putting melted cheese on food in foil in a food truck
/media/xiaodou/My Passport/Qwen/QwenVL/coco_2014_caption/290122.jpg,People with luggage standing in front of lockers.
/media/xiaodou/My Passport/Qwen/QwenVL/coco_2014_caption/178112.jpg,A baseball player had just thrown a ball. 
/media/xiaodou/My Passport/Qwen/QwenVL/coco_2014_caption/351242.jpg,A plate topped with three hot dogs on buns.
/media/xiaodou/My Passport/Qwen/QwenVL/coco_2014_caption/123066.jpg,a plate with a frosted cake on it next to a banana 
/media/xiaodou/My Passport/Qwen/QwenVL/coco_2014_caption/118581.jpg,A view of a beach with closed umbrellas at sunset.
/media/xiaodou/My Passport/Qwen/QwenVL/coco_2014_caption/272064.jpg,The man is swinging at the tennis ball with a racquet.
/media/xiaodou/My Passport/Qwen/QwenVL/coco_2014_caption/76414.jpg,A couple of men who are working on a boat.
/media/xiaodou/My Passport/Qwen/QwenVL/coco_2014_caption/335902.jpg,RV parked on side of road with two orange warning cones set at its side
/media/xiaodou/My Passport/Qwen/QwenVL/coco_2014_caption/161648.jpg,a white antique stove with some pots and pans on it
/media/xiaodou/My Passport/Qwen/QwenVL/coco_2014_caption/457263.jpg,a small salad and large sandwich on a tray
/media/xiaodou/My Passport/Qwen/QwenVL/coco_2014_caption/158261.jpg,A giraffe standing up looking out a fence. 
/media/xiaodou/My Passport/Qwen/QwenVL/coco_2014_caption/199732.jpg,A group of trucks sitting on top of a dirt field.
/media/xiaodou/My Passport/Qwen/QwenVL/coco_2014_caption/48805.jpg,A dog seems to be observing something from the water. 
/media/xiaodou/My Passport/Qwen/QwenVL/coco_2014_caption/386468.jpg,A group of girls playing a game with remote controllers.
/media/xiaodou/My Passport/Qwen/QwenVL/coco_2014_caption/288650.jpg,A light that is on above a mirror in a picture of a bathroom.
/media/xiaodou/My Passport/Qwen/QwenVL/coco_2014_caption/55728.jpg,A man is sitting by a shelf full of luggage.
/media/xiaodou/My Passport/Qwen/QwenVL/coco_2014_caption/535126.jpg,A bed sitting in a bedroom under a wall mounted painting.
/media/xiaodou/My Passport/Qwen/QwenVL/coco_2014_caption/159346.jpg,A bunch of people sit around in their pajamas drinking.
/media/xiaodou/My Passport/Qwen/QwenVL/coco_2014_caption/479687.jpg,Men sit on a bench in front of a shop and one has a hat and a cane.
/media/xiaodou/My Passport/Qwen/QwenVL/coco_2014_caption/88527.jpg,a close up of a person wearing a tie
/media/xiaodou/My Passport/Qwen/QwenVL/coco_2014_caption/380163.jpg,A red and silver airplane flying in the sky.
/media/xiaodou/My Passport/Qwen/QwenVL/coco_2014_caption/486541.jpg,A traffic light with a red and white hazard sign sitting above it.
/media/xiaodou/My Passport/Qwen/QwenVL/coco_2014_caption/123456.jpg,Bicycle dressed as an octopus pulling a small cart.
/media/xiaodou/My Passport/Qwen/QwenVL/coco_2014_caption/152354.jpg,A passenger bus that is pulled up to the side of a street.
/media/xiaodou/My Passport/Qwen/QwenVL/coco_2014_caption/16720.jpg,An American Flag flies atop a clock tower at sports stadium Coors Field.
/media/xiaodou/My Passport/Qwen/QwenVL/coco_2014_caption/194372.jpg,A girls legs with a cat at her feet 
/media/xiaodou/My Passport/Qwen/QwenVL/coco_2014_caption/409834.jpg,Business men and women are sitting at a long table listening attentively.
/media/xiaodou/My Passport/Qwen/QwenVL/coco_2014_caption/131812.jpg,The young man is practicing riding hid skateboard. 
/media/xiaodou/My Passport/Qwen/QwenVL/coco_2014_caption/84784.jpg,People are standing by a train moving along tracks.
/media/xiaodou/My Passport/Qwen/QwenVL/coco_2014_caption/499082.jpg,A bird sitting on a house eave in a backyard.
/media/xiaodou/My Passport/Qwen/QwenVL/coco_2014_caption/455037.jpg,A batter is stepping up to the plate at a game.
/media/xiaodou/My Passport/Qwen/QwenVL/coco_2014_caption/413391.jpg,A couple of kids playing with a white ball in a  field.
/media/xiaodou/My Passport/Qwen/QwenVL/coco_2014_caption/303308.jpg,A refrigerator freezer next to a stove top oven.
/media/xiaodou/My Passport/Qwen/QwenVL/coco_2014_caption/95124.jpg,A woman with a handbag walking up some stairs.
/media/xiaodou/My Passport/Qwen/QwenVL/coco_2014_caption/173019.jpg,A woman in a kitchen has a dog by her side.
/media/xiaodou/My Passport/Qwen/QwenVL/coco_2014_caption/10621.jpg,The man is helping the child ride a pony.
/media/xiaodou/My Passport/Qwen/QwenVL/coco_2014_caption/108313.jpg,A skate board rider tiptoes on his board
/media/xiaodou/My Passport/Qwen/QwenVL/coco_2014_caption/336129.jpg,a woman standing in front of the camera while another person walks down the hill with their skiis
/media/xiaodou/My Passport/Qwen/QwenVL/coco_2014_caption/391325.jpg,Three little kids kicking around soccer balls on a lush green field.
/media/xiaodou/My Passport/Qwen/QwenVL/coco_2014_caption/256013.jpg,A wooden table with a white plate and bowl of soup.
/media/xiaodou/My Passport/Qwen/QwenVL/coco_2014_caption/432598.jpg,A child's bedroom with stuffed animals on a wall shelf.
/media/xiaodou/My Passport/Qwen/QwenVL/coco_2014_caption/527010.jpg,A little boy riding on a skate board wearing no shoes.
/media/xiaodou/My Passport/Qwen/QwenVL/coco_2014_caption/366349.jpg,A brown teddy bear wearing glasses and reading a book.
/media/xiaodou/My Passport/Qwen/QwenVL/coco_2014_caption/53842.jpg,A very tall building with a massive clock tower.
/media/xiaodou/My Passport/Qwen/QwenVL/coco_2014_caption/215334.jpg,A  man riding a snowboard up the side of a ramp.
/media/xiaodou/My Passport/Qwen/QwenVL/coco_2014_caption/510456.jpg,A laptop is set on top of a cardboard box on a metal desk.
/media/xiaodou/My Passport/Qwen/QwenVL/coco_2014_caption/177050.jpg,The man is serving himself a piece of cake.
/media/xiaodou/My Passport/Qwen/QwenVL/coco_2014_caption/354402.jpg,A traffic sign that reads END sitting next to a tree.
/media/xiaodou/My Passport/Qwen/QwenVL/coco_2014_caption/35037.jpg,The skateboarder wearing a cap is riding near a yellow curb.
/media/xiaodou/My Passport/Qwen/QwenVL/coco_2014_caption/107783.jpg,Bathroom with white tiled walls and a tankless commode
/media/xiaodou/My Passport/Qwen/QwenVL/coco_2014_caption/292034.jpg,"A bright day scene with snow, pine trees and people walking."
/media/xiaodou/My Passport/Qwen/QwenVL/coco_2014_caption/266976.jpg,this is a green kitchen with a sink
/media/xiaodou/My Passport/Qwen/QwenVL/coco_2014_caption/181348.jpg,A living room with blue furniture and a fire place.
/media/xiaodou/My Passport/Qwen/QwenVL/coco_2014_caption/211807.jpg,An airplane sits on the tarmac at an airport.
/media/xiaodou/My Passport/Qwen/QwenVL/coco_2014_caption/347787.jpg,A computer loaded to a social networking site on a desk. 
/media/xiaodou/My Passport/Qwen/QwenVL/coco_2014_caption/221684.jpg,A group of animals walking down a dirt road.
/media/xiaodou/My Passport/Qwen/QwenVL/coco_2014_caption/443941.jpg,a black and gold street sign and a building
/media/xiaodou/My Passport/Qwen/QwenVL/coco_2014_caption/109393.jpg,A day laying next to a cat on a cement block.
/media/xiaodou/My Passport/Qwen/QwenVL/coco_2014_caption/10037.jpg,"Plates of oranges, apples, a doughnut, and pastry."
/media/xiaodou/My Passport/Qwen/QwenVL/coco_2014_caption/370162.jpg,A crowd of people standing around a table full of food.
/media/xiaodou/My Passport/Qwen/QwenVL/coco_2014_caption/286860.jpg,a sign is on a white toilet in a bathroom
/media/xiaodou/My Passport/Qwen/QwenVL/coco_2014_caption/352082.jpg,A train traveling down railroad tracks next to a train station.
/media/xiaodou/My Passport/Qwen/QwenVL/coco_2014_caption/308603.jpg,A man riding on a big elephant in water.
/media/xiaodou/My Passport/Qwen/QwenVL/coco_2014_caption/246166.jpg,Man speaking emphatically on a cell phone in house
/media/xiaodou/My Passport/Qwen/QwenVL/coco_2014_caption/83783.jpg,two people riding horses on a beach near water
/media/xiaodou/My Passport/Qwen/QwenVL/coco_2014_caption/488149.jpg,"Three friends standing next to each other flying a kite.
"
/media/xiaodou/My Passport/Qwen/QwenVL/coco_2014_caption/465776.jpg,A herd of giraffe walking along a river next to a baby elephant.
/media/xiaodou/My Passport/Qwen/QwenVL/coco_2014_caption/51047.jpg,a red table holding tow white plates with donuts and a beverage.
/media/xiaodou/My Passport/Qwen/QwenVL/coco_2014_caption/547979.jpg,People on surfboards waiting for a wave in a calm sea
/media/xiaodou/My Passport/Qwen/QwenVL/coco_2014_caption/34478.jpg,A woman in black shirt and sunglasses on a cellphone.
/media/xiaodou/My Passport/Qwen/QwenVL/coco_2014_caption/439124.jpg,A large pony with a small pony drinking it's milk.
/media/xiaodou/My Passport/Qwen/QwenVL/coco_2014_caption/145551.jpg,An airplane with stripes parked on a runway
/media/xiaodou/My Passport/Qwen/QwenVL/coco_2014_caption/410711.jpg,A clock on a wall and a light fixture on a ceiling.
/media/xiaodou/My Passport/Qwen/QwenVL/coco_2014_caption/347128.jpg,A toilet with the lid and seat up in a tiled bathroom.
/media/xiaodou/My Passport/Qwen/QwenVL/coco_2014_caption/56676.jpg,A group of people with rackets stand together.
/media/xiaodou/My Passport/Qwen/QwenVL/coco_2014_caption/249445.jpg,A dog is laying down on the remote control. 
/media/xiaodou/My Passport/Qwen/QwenVL/coco_2014_caption/65043.jpg,A woman walking across a beach holding a surfboard.
/media/xiaodou/My Passport/Qwen/QwenVL/coco_2014_caption/355481.jpg,A field filled with motorcycles near tents surrounded by a forest.
/media/xiaodou/My Passport/Qwen/QwenVL/coco_2014_caption/177325.jpg,a plate with a sandwich and a glass of soda
/media/xiaodou/My Passport/Qwen/QwenVL/coco_2014_caption/548184.jpg,A small girl is pulling a piece of luggage.
/media/xiaodou/My Passport/Qwen/QwenVL/coco_2014_caption/428109.jpg,A bunch of bananas with a sign stating they are free
/media/xiaodou/My Passport/Qwen/QwenVL/coco_2014_caption/23025.jpg,A girl playing a game on a laptop computer on an outdoor table.
/media/xiaodou/My Passport/Qwen/QwenVL/coco_2014_caption/197329.jpg,A GROUP OF GIRAFFES AND ZEBRAS GRAZING TOGETHER
/media/xiaodou/My Passport/Qwen/QwenVL/coco_2014_caption/458827.jpg,two people riding skate boards on a city street
/media/xiaodou/My Passport/Qwen/QwenVL/coco_2014_caption/120882.jpg,A black dog is carrying a frisbee in its mouth on a beach.
/media/xiaodou/My Passport/Qwen/QwenVL/coco_2014_caption/264846.jpg,Two men are standing near as the woman is playing tennis. 
/media/xiaodou/My Passport/Qwen/QwenVL/coco_2014_caption/408730.jpg,"A den with tables, couches, chairs, a lamp and pictures."
/media/xiaodou/My Passport/Qwen/QwenVL/coco_2014_caption/347665.jpg,A computer sitting on a desk with a coffee cup sitting in front of it.
/media/xiaodou/My Passport/Qwen/QwenVL/coco_2014_caption/572965.jpg,A person using a skateboard on a rail.
/media/xiaodou/My Passport/Qwen/QwenVL/coco_2014_caption/162769.jpg,A chef holding up carrots in his hands. 
/media/xiaodou/My Passport/Qwen/QwenVL/coco_2014_caption/497227.jpg,A teddy bear sitting in a stroller next to a painting outside. 
/media/xiaodou/My Passport/Qwen/QwenVL/coco_2014_caption/138749.jpg,A man and woman walking on the beach
/media/xiaodou/My Passport/Qwen/QwenVL/coco_2014_caption/130037.jpg,A large black bear swimming in a river next to a muddy shore.
/media/xiaodou/My Passport/Qwen/QwenVL/coco_2014_caption/153888.jpg,A fighter jet sitting on top of an airport runway.
/media/xiaodou/My Passport/Qwen/QwenVL/coco_2014_caption/412641.jpg,Two small slices of pie are on the plate. 
/media/xiaodou/My Passport/Qwen/QwenVL/coco_2014_caption/2244.jpg,A blue children s laptop computer sitting on top of a counter
/media/xiaodou/My Passport/Qwen/QwenVL/coco_2014_caption/195699.jpg,A group of sweet treats sitting on top of a white plate.
/media/xiaodou/My Passport/Qwen/QwenVL/coco_2014_caption/157041.jpg,A zebra standing in dry grass has dark and light stripes
/media/xiaodou/My Passport/Qwen/QwenVL/coco_2014_caption/379865.jpg,a couple of people that are on a skate board
/media/xiaodou/My Passport/Qwen/QwenVL/coco_2014_caption/341219.jpg,a three year old girl with her birthday cake
/media/xiaodou/My Passport/Qwen/QwenVL/coco_2014_caption/201738.jpg,A man standing in a room with items scattered on the floor.
/media/xiaodou/My Passport/Qwen/QwenVL/coco_2014_caption/158017.jpg,a bathroom with a bath tub a sink and a mirror
/media/xiaodou/My Passport/Qwen/QwenVL/coco_2014_caption/525766.jpg,a person sitting on rocks near a river with a dog
/media/xiaodou/My Passport/Qwen/QwenVL/coco_2014_caption/289644.jpg,Broccoli and chicken are cooking in a wok. 
/media/xiaodou/My Passport/Qwen/QwenVL/coco_2014_caption/134955.jpg,A desert sitting in a plate that has congratulations written in chocolate
/media/xiaodou/My Passport/Qwen/QwenVL/coco_2014_caption/315268.jpg,A piece of fish with rice and a lemon around it. 
/media/xiaodou/My Passport/Qwen/QwenVL/coco_2014_caption/452343.jpg,A long train traveling along train tracks and a few tall buildings.
/media/xiaodou/My Passport/Qwen/QwenVL/coco_2014_caption/195508.jpg,"Close up of snap peas, peppers, carrots, broccoli, and more"
/media/xiaodou/My Passport/Qwen/QwenVL/coco_2014_caption/135244.jpg,A silver plane in a field with a red and black plane behind it. 
/media/xiaodou/My Passport/Qwen/QwenVL/coco_2014_caption/374916.jpg,Apples and leaves on the ground with a cat in the background.
/media/xiaodou/My Passport/Qwen/QwenVL/coco_2014_caption/322562.jpg,A boat that is in a lake by some houses.
/media/xiaodou/My Passport/Qwen/QwenVL/coco_2014_caption/467727.jpg,Elephant standing in front a fence next to a house.
/media/xiaodou/My Passport/Qwen/QwenVL/coco_2014_caption/191327.jpg,A line of motorcycles are parked in a row ranging from vintage to rocket.
